INSERT INTO `test` (`nazov`, `id_testu`, `vyplneny`) VALUES ('podpisový test', 0, 'false'), ('psychologický test', 1, 'false');
INSERT INTO `otazka` (`id_otazka`, `id_testu`, `text`, `typ_odpovedi`, 'typ_otazky', `nazov_obr`) VALUES (0, 0, 'Aký veľký je rozdiel medzi podpisom a textom?', '0', '0' ,NULL), (1, 0, 'Akým tlakom je napísaný podpis?', '0', '0' ,NULL), (2, 0, 'Aká je veľkosť podpisu?', '0', '0' ,NULL), (3, 0, 'Aký je sklon podpisu?', '0', '0' ,NULL), (4, 0, 'Ako veľmi je zložitý podpis?', '0', '0' ,NULL), (5, 0, 'Aká je čitateľnosť podpisu?', '0', '0' ,NULL), (6, 0, 'Aká je čitateľnosť podpisu vzhľadom k bežnému textu?', '0', '0' ,NULL), (7, 0, 'Aké je stúpanie/klesanie podpisu v porovnaní s bežným textom?', '0', '0' ,NULL), (8, 0, 'Aká je dĺžka podpisu voči slovám textu?', '0', '0' ,NULL), (9, 0, 'Aká je veľkosť podpisu voči slovám textu?', '0', '0' ,NULL), (10, 0, 'Aké je stúpanie/klesanie podpisu v porovnaní s bežným textom?', '0', '0' ,NULL), (11, 0, 'Viazanie a spojenie v podpise (aj v súvislosti s textom)', '0', '0' ,NULL), (12, 0, 'aký rýchly je váš podpis?', '0', '0' ,NULL), (13, 0, 'Aký je sklon podpisu?', '0', '0' ,NULL), (14, 0, 'Aký je sklon podpisu voči textu?', '0', '0' ,NULL), (15, 0, 'Aký tlak používate pri podpise?', '0', '0' ,NULL), (16, 0, 'Aké sú veľké a malé písmená v podpise?', '0', '0' ,NULL), (17, 0, 'Aký je tvar a forma podpisu?', '0', '0' ,NULL), (18, 0, 'Rôzne o podpise', '0', '0' ,NULL), (19, 0, 'Podčiarkovanie podpisu', '0', '0' ,NULL), (20, 0, 'Podčiarknutie dotýkajúce sa podpisu a predčiarknutý podpis.', '0', '0' ,NULL), (21, 0, 'Obkolesenie podpisu a prídavky smerujúce oblúkom späť', '0', '0' ,NULL), (22, 0, 'Bodka v podpise', '0', '0' ,NULL), (23, 0, 'forma mena a priezviska', '0', '0' ,NULL), (24, 0, 'Prídavky v podpise smerujúce dole', '0', '0' ,NULL), (25, 0, 'Rôzne o prídavkoch', '0', '0' ,NULL), (28, 1, ' Keby si mal/a byť stromom, bola/a by si radšej:', '1', '0' ,NULL), (29, 1, ' Máš toľko priateľov, ako väčšina tvojich spolužiakov?', '1', '0' ,NULL), (30, 1, ' Keď máš nejakú prácu, obvykle:', '1', '0' ,NULL), (31, 1, ' Chutí ti jesť tak isto ako inokedy, keď máš pred skúškou alebo inou vzrušujúcou udalosťou?', '1', '0' ,NULL), (32, 1, ' Hovorí sa o tebe, že sa príliš oddávaš sneniu?', '1', '0' ,NULL), (33, 1, ' Hovoria o tebe, že obyčajne:', '1', '0' ,NULL), (34, 1, ' Domnievaš sa, že aspoň 12 ľudí z tvojej terajšej triedy bude mať väčší úspech ako ty, keď vychodia školu?', '1', '0' ,NULL), (35, 1, 'Keď ti niekto napr. (učiteľ, vychovávajúci, vedúci) hovorí, čo máš robiť, máš niekedy chuť sa mu vysmiať?', '1', '0' ,NULL), (36, 1, ' Radšej tráviš čas:', '1', '0' ,NULL), (37, 1, ' Keď čítaš nejakú školskú učebnicu, zaujme ťa často tak, že nechceš prestať čítať?', '1', '0' ,NULL), (38, 1, ' Keď býva v spálni tma, zdalo sa ti niekedy, že vidíš pohybujúce sa tváre alebo postavy?', '1', '0' ,NULL), (39, 1, ' Keby si skúmal/a vtákov, snažil by si sa radšej:', '1', '0' ,NULL), (40, 1, ' Keď s niekým nesúhlasíš, obvykle:', '1', '0' ,NULL), (41, 1, ' Robí ti starosti požiadať priateľov, aby pre teba podstúpili nejaké ťažkosti, ak ich pomoc skutočne potrebuješ?', '1', '0' ,NULL), (42, 1, ' Si každý deň:', '1', '0' ,NULL), (43, 1, ' Keď sa pozeráš na športové stretnutia, viac ťa baví fanúšikovať svojmu mužstvu, ako iba pozorovať iných ľudí?', '1', '0' ,NULL), (44, 1, ' Keď sa s niekým rozprávaš a zdá sa ti, že počuje zle, čo urobíš?', '1', '0' ,NULL), (45, 1, ' Často meníš svoje záľuby?', '1', '0' ,NULL), (46, 1, ' Keď ťa dospelí ľudia v niečom opravujú, dokážeš ich vypočuť bez odvrávania?', '1', '0' ,NULL), (47, 1, ' Nahneváš sa niekedy na niekoho tak, že by si ho najradšej udrel/a?', '1', '0' ,NULL), (48, 1, ' Keď priatelia požívajú tvoje veci bez dovolenia:', '1', '0' ,NULL), (49, 1, ' "Dutý" znamená to isté, čo:', '1', '0' ,NULL), (50, 1, ' "Zmiznúť" je protiklad slova:', '1', '0' ,NULL), (51, 1, ' Dokážeš zachovať pokoj, keď myslíš, že je to treba /i keď ťa niečo veľmi rozčuľuje /?', '1', '0' ,NULL), (52, 1, ' Želáš si byť niekedy iný/á ako si?', '1', '0' ,NULL), (53, 1, ' Keď niekto vysvetľuje niečo, čo je ťažko pochopiteľné a nezaujímavé:', '1', '0' ,NULL), (54, 1, ' Keď ťa niekto prerušuje v reči:', '1', '0' ,NULL), (55, 1, ' Snažíš sa byť v skutku opatrný/á v tom, čo povieš, než aby si hovoril/a rýchlo a nekontrolovateľne, ako niektorí iní ľudia?', '1', '0' ,NULL), (56, 1, ' Povedal/a by si, že ľudia, ktorí sa ti páčia, sú:', '1', '0' ,NULL), (57, 1, ' Ak má škola svoje poriadky a pravidlá, si za to, aby sa všeobecne dodržiavali?', '1', '0' ,NULL), (58, 1, ' Povedal by si o sebe, že prežívaš viac skutočných dobrodružstiev ako väčšina ľudí?', '1', '0' ,NULL), (59, 1, ' Keď ťa vyhreší dospelý človek:', '1', '0' ,NULL), (60, 1, ' Šiel/a by si rád/a loviť tigrov vzdor nebezpečenstvu, ktoré je s tým spojené?', '1', '0' ,NULL), (61, 1, ' Keď začneš čítať knihu a nudí ťa:', '1', '0' ,NULL), (62, 1, ' Cítiš niekedy neistotu, ako keby si urobil niečo zlé, i keď nevieš prečo?', '1', '0' ,NULL), (63, 1, ' Máš radšej tých ľudí, ktorí hovoria i mnohých zábavných veciach, ako tých, ktorí rozprávajú menej a vážnejšie?', '1', '0' ,NULL), (64, 1, ' Ponechávaš si v čulej skupinovej debate nápady obvykle pre seba, i keď sa domnievaš, že sú lepšie ako to, o čom sa práve hovorí?', '1', '0' ,NULL), (65, 1, ' Keď sa rozhoduješ, záleží ti na tom, ako si prihliadol/a na všetko, dokonca aj na maličkosti?', '1', '0' ,NULL), (66, 1, ' Ako často ťa bolí žalúdok?', '1', '0' ,NULL), (67, 1, ' Prieči sa ti, ak ti niekto rozkáže, aby s niečo urobil/a?', '1', '0' ,NULL), (68, 1, ' keď si s priateľmi, necháš ich, aby hovorili  väčšinou oni?', '1', '0' ,NULL), (69, 1, ' "Starostlivý" je opak slova:', '1', '0' ,NULL), (70, 1, ' "Obliekať" sa má k šaty ako "jesť" k:', '1', '0' ,NULL), (71, 1, ' Keď niečo plánuješ, si plný/á nádeje, že sa všetko podarí?', '1', '0' ,NULL), (72, 1, ' Keď sa niekto nahnevá a kričí na teba:', '1', '0' ,NULL), (73, 1, ' Pred vzrušujúcou hrou:', '1', '0' ,NULL), (74, 1, ' Keď sa všetko úplne bezchybne darí:', '1', '0' ,NULL), (75, 1, ' Radšej by si strávil/a večer:', '1', '0' ,NULL), (76, 1, ' Rád/a vyčíňaš, aby si pobavil/a ostatných?', '1', '0' ,NULL), (77, 1, ' Obyčajne si trpezlivý/á voči ľuďom, ktorí hovoria veľmi rýchlo alebo veľmi pomaly?', '1', '0' ,NULL), (78, 1, ' Máš pocit, že túžiš po niečom, čo niekto iný nepochopí, alebo sa o to nestará?', '1', '1', NULL), (79, 1, ' Koho viac obdivuješ?', '1', '1', NULL), (80, 1, ' Ako často si bola/a natoľko nadšený/á, že si musel/a o tom každému rozprávať?', '1', '1', NULL), (81, 1, ' Radšej by si strávil/a 14 dní v lete:', '1', '1', NULL), (82, 1, ' Viac dní ti býva:', '1', '1', NULL), (83, 1, ' Keby mali tvoju nepodarenú školskú prácu ukazovať ostatným:', '1', '1', NULL), (84, 1, ' Keď sa podujmeš niečo urobiť:', '1', '1', NULL), (85, 1, ' Keď ti učiteľ alebo niekto z rodičov povie, že nemáš pravdu, cítiš skryte, že v skutočnosti máš pravdu?', '1', '1', NULL), (86, 1, ' Keď niečo nie je na svojom mieste a nemôžeš to nájsť:', '1', '1', NULL), (87, 1, ' Radšej by si počúval/a:', '1', '1', NULL), (88, 1, ' Keď debatuješ so spolužiakmi, hovoríš obyčajne celkom každému, čo si myslíš?', '1', '1', NULL), (89, 1, '  "Ovocie" sa má k "jablko" ako "zelenina" k:', '1', '1', NULL), (90, 1, ' Ján je vyšší ako Peter, Ivan nie je taký vysoký ako Ján. Kto je najvyšší?', '1', '1', NULL), (91, 1, ' Už si si niekedy prial/a, aby si sa vôbec nenarodil/a?', '1', '1', NULL), (92, 1, ' Pociťuješ závisť alebo zlosť, keď ťa ľudia zaznávajú, i keď vieš, že to nerobia úmyselne?', '1', '1', NULL), (93, 1, ' Keď sa počúva hudba a ľudia sa pri tom rozprávajú:', '1', '1', NULL), (94, 1, ' Odpovedáš ľuďom zdvorilo, i keď sa ťa pýtajú také osobné záležitosti, na ktoré by sa podľa tvojho názoru nemali pýtať?', '1', '1', NULL), (95, 1, ' Keď premýšľaš o manželstve, dal/a by si prednosť:', '1', '1', NULL), (96, 1, ' Keď ľudia o niečom hovoria, že je to nesprávne alebo škodlivé, často ťa nutká, aby si to vzdor tomu vyskúšal/a?', '1', '1', NULL), (97, 1, ' Bolo by to správne, aby žiaci, ktorí chcú, mohli odísť zo školy, i keď nedosiahli predpísaný vek?', '1', '1', NULL), (98, 1, ' Ľahko vyjadruješ svoje myšlienky slovami?', '1', '1', NULL), (99, 1, ' Keby si mal/a príležitosť cestovať, radšej by si:', '1', '1', NULL), (100, 1, ' Domnievaš sa, že je naivné, keď ľudia v kine plačú?', '1', '1', NULL), (101, 1, ' Keď vieš určite, že sa voči tebe niekto nečestne správal, napriek tomu ľahko na to zabudneš?', '1', '1', NULL), (102, 1, ' Je ti celkom príjemné, keď sa môžeš zdôveriť svojim učiteľom s problémami, ktoré ťa v škole trápia?', '1', '1', NULL), (103, 1, ' Stáva sa, že sa cítiš celkom ustatý/á iba pre starosti alebo pre nepríjemné myšlienky?', '1', '1', NULL), (104, 1, ' Vyhýbaš sa podujatiam, spoločným s ostatnými, pretože vyžadujú veľa tvojho času?', '1', '1', NULL), (105, 1, ' Povedal/a by si, že kto chce dobre vychádzať s ľuďmi, musí sa naučiť ovládať svoje city?', '1', '1', NULL), (106, 1, ' Bolo by ti príjemnejšie sledovať šport /napr', '1', '1', NULL), (107, 1, ' Keď ti ostatní dávajú najavo, že im prekážaš, dokážeš byť napriek tomu celkom pokojný/á?', '1', '1', NULL), (108, 1, ' Rozprávaš ľuďom o svojich snoch a túžbach?', '1', '1', NULL), (109, 1, ' Slovo "učiť" znamená to isté ako slovo:', '1', '1', NULL), (110, 1, ' Ak máš päť mincí, z ktorých tri sú ohnuté a štyri sú strieborné, ktoré z týchto tvrdení je pravdivé:', '1', '1', NULL), (111, 1, ' Ak sa na teba všetci pozerajú, dokážeš pracovať rovnako rýchlo a bez chyby ako obvykle?', '1', '1', NULL), (112, 1, ' Keď ideš na výlet, rád/a:', '1', '1', NULL), (113, 1, ' Ak sa ti ráno niečo nepodarí, to znamená, že asi budeš mať zlý deň?', '1', '1', NULL), (114, 1, ' Pripadajú ti ľudia v tvojom veku detinskejší a menej vyspelí ako ty?', '1', '1', NULL), (115, 1, ' Rád/a sa do školy obliekaš:', '1', '1', NULL), (116, 1, ' Keď ideš do múzea, radšej:', '1', '1', NULL), (117, 1, ' Hovorí sa o tebe, že na veciach, ktoré ťa zaujímajú, pracuješ naozaj dôkladne?', '1', '1', NULL), (118, 1, ' Keď ťa niekto vyzve, aby si obhájil/a svoj názor:', '1', '1', NULL), (119, 1, ' Myslíš, že by si ľahko našiel/a priateľa v cudzej krajine, ktorého reč by si neovládal?', '1', '1', NULL), (120, 1, ' Keď si zranil/a niekoho city:', '1', '1', NULL), (121, 1, ' Čo ti je menej príjemné:', '1', '1', NULL), (122, 1, ' Keď ťa niečo nepríjemného pozbaví odvahy, dvíha sa ti žalúdok a strácaš chuť do jedenia?', '1', '1', NULL), (123, 1, ' Keď si tak isto snaživý ako iní, ostatní chlapci a dievčatá sú:', '1', '1', NULL), (124, 1, ' Radšej by si mal/a priateľov:', '1', '1', NULL), (125, 1, ' Keď máš prácu, obvykle:', '1', '1', NULL), (126, 1, ' Niekedy ti iní hovoria, že robíš niečo, čo by od takého človeka ako si ty, neočakávali?', '1', '1', NULL), (127, 1, ' Keď sa na niečo musí dlho čakať, obyčajne znervóznieš a rozhodneš sa radšej odísť, než čakať?', '1', '1', NULL), (128, 1, ' Ak by nebol nijaký rozdiel v životných nákladoch, radšej by si žil/a:', '1', '1', NULL), (129, 1, ' Keď príde do vašej triedy nový chlapec alebo dievča, zoznámi sa s tebou tak isto rýchlo ako s ostatnými?', '1', '1', NULL), (130, 1, ' Všimni si týchto päť slov: dôverovať, spoliehať, učiť, dúfať, veriť. Slovo, ktoré nepatrí k ostatným, je:', '1', '1', NULL), (131, 1, ' Keď si šťastný/á, môže ťa nejaká malichernosť náhle rozladiť?', '1', '1', NULL), (132, 1, ' Keď tvoji priatelia niekde idú a teba nepozvú:', '1', '1', NULL), (133, 1, ' Keď sa dívam na futbal alebo iné hry:', '1', '1', NULL), (134, 1, ' Väčšina ľudí ťa považuje za pokojného, sebaistého človeka alebo skôr za skromného človeka, ktorý sa uchyľuje do pozadia?', '1', '1', NULL), (135, 1, ' Radšej by si mal/a iba niekoľko blízkych priateľov ako mnoho známych?', '1', '1', NULL), (136, 1, ' Kontroluješ po sebe svoju prácu, aby si mal/a istotu, že ju robíš dobre?', '1', '1', NULL), (137, 1, ' Páčila by sa ti taká škola, kde y si sa nemusel/a pripraviť na všetky vyučovacie predmety, iba na tie, ktoré by sa ti pozdávali najľahšie?', '1', '1', NULL), (138, 1, ' Povedal/a by si, že nerozprávaš príliš rád/a ľuďom o sebe?', '1', '1', NULL), (139, 1, ' Ak už skutočne nie je o čom hovoriť, dokážeš znova rozprúdiť rozhovor?', '1', '1', NULL), (140, 1, ' Keby si navštívil/a Španielsko:', '1', '1', NULL), (141, 1, ' Ozval/a by si sa v triede na obranu svojho dobrého priateľa, keby sa ti zdalo, že učiteľ ho karhá viac, ako je spravodlivé?', '1', '1', NULL), (142, 1, ' Myslíš, že v románoch líčia ľudí:', '1', '1', NULL), (143, 1, ' Je pre teba ľahké získať priateľov?', '1', '1', NULL), (144, 1, ' Keď t niekto ukazuje novú spoločenskú hru:', '1', '1', NULL), (145, 1, ' Hovorí sa o tebe, že ostaneš pokojný a vieš sa ovládať, nech sa stane čokoľvek?', '1', '1', NULL), (146, 1, ' Stáva sa, že robíš veci, o ktorých si myslíš, že by si ich skutočne nemal/a robiť?', '1', '1', NULL), (147, 1, ' Keď deti na svojich rodičov nakričia, myslíš, že rodičia majú právo ich prísne potrestať?', '1', '1', NULL), (148, 1, ' Ak by ti v nejakom vystúpení alebo predstavení nedali úlohu, ktorá by ti vyhovovala a ktorú by si mohol/a dobre zvládnuť, požiadal/a by si:', '1', '1', NULL), (149, 1, ' Máš obvykle pocit:', '1', '1', NULL), (150, 1, ' Všimni si týchto päť výrazov: a, ale, akže, napriek tomu, teraz. Výraz, ktorý  nepatrí medzi ostatné, je:', '1', '1', NULL), (151, 1, ' Ak sa musíš pre niečo rýchlo rozhodnúť, zvykneš potom byť so svojim rozhodnutí spokojný/á?', '1', '1', NULL), (152, 1, ' Ak sa pripravuješ do školy na skúšanie a vôkol teba je hluk:', '1', '1', NULL), (153, 1, ' Keď ideš do prírody, radšej by si:', '1', '1', NULL), (154, 1, ' Dávaš prednosť tomu:', '1', '1', NULL), (155, 1, ' Dávaš prednosť spolužiakom, ktorí:', '1', '1', NULL), (156, 1, ' Ak niekto urobí chybu a niečo pokazí, je lepšie:', '1', '1', NULL), (157, 1, ' Keby si dostal/a veľa peňazí a nemusel/a by si pracovať:', '1', '1', NULL), (158, 1, ' Chvejú sa ti niekedy ruky a tlčie ti srdce od vzrušenia, ak máš prehovoriť k všetkým spolužiakom:', '1', '1', NULL), (159, 1, ' Ak náhodou urobíš nejakú hlúposť pred ľuďmi, dokážeš sa na otm zasmiať a pokračovať bez toho, aby si sa cítil/a zahanbený/á', '1', '1', NULL), (160, 1, ' Chcel/a by si dostať do daru radšej:', '1', '1', NULL), (161, 1, ' Ak sa iní vzájomne častujú hrubými výrazmi:', '1', '1', NULL), (162, 1, ' Premýšľaš (alebo si premýšľal/a, keď si bol mladší/a), veľa o tom, čo by si robil/a, keby si sa na nejakej ceste stratil?', '1', '1', NULL), (163, 1, ' Znepokojujú ťa niekedy myšlienky, ktorých sa nemôžeš zbaviť?', '1', '1', NULL), (164, 1, ' Povedal/a by si, že by ťa ľudia radšej mali za priateľa ako za nepriateľa?', '1', '1', NULL), (165, 1, ' Doberajú si ťa niekedy iní ľudia preto, že robíš veci podľa svojho obvyklého spôsobu?', '1', '1', NULL), (166, 1, ' Keď čítaš o veľkých činoch, máš pocit:', '1', '1', NULL), (167, 1, ' Cítiš sa niekedy taký/á nervózny/a, že ťa nečakané zvuky vyvedú z miery?', '1', '1', NULL), (168, 1, ' Si si istý/á, že si odpovedal/a na všetky otázky?', '1', '1', NULL);
INSERT INTO `moznost` (`id_moznost`, `id_otazka`, `text`, `body`, `nazov_obr`) VALUES ('0', 0, 'Sú totožné', 2, NULL), ('1', 0, 'Veľký rozdiel', 2, NULL), ('0', 1, 'Väčší ako pri bežnom texte', 2, NULL), ('1', 1, 'Menší ako pri bežnom texte', 2, NULL), ('0', 2, 'Väčší ako bežný text', 2, NULL), ('0', 3, 'Podpis je kolmý, ale text je naklonený doprava', 2, NULL), ('1', 3, 'Podpis so sklonom, ale text je kolmý', 2, NULL), ('0', 4, 'Prostý, zjednodušený a bez prídavkov', 2, NULL), ('1', 4, 'Prehnaný, nafúknutý a komplikovaný', 2, NULL), ('0', 5, 'Čitateľný podpis (bez obohatenia, zväčšenia veľkých písmen a pod.)', 2, NULL), ('1', 5, 'Nečitateľný podpis', 2, NULL), ('2', 5, 'Nečitateľný rýchly podpis', 2, NULL), ('3', 5, 'Nečitateľný pomalý podpis', 2, NULL), ('0', 6, 'nečitateľný podpis a nečitateľný rukopis', 2, NULL), ('1', 6, 'podpis nečitateľný, písmo čitateľné', 2, NULL), ('2', 6, 'podpis bez rozdielu voči textu', 2, NULL), ('3', 6, 'čitateľný podpis a text', 2, NULL), ('0', 7, 'Podpis stúpajúci, riadky klesajúce', 2, NULL), ('1', 7, 'Podpis stúpajúci, riadky rovné', 2, NULL), ('2', 7, 'kaskádovo klesajúci podpis', 2, NULL), ('3', 7, 'klesajúci podpis, stúpajúce riadky', 2, NULL), ('4', 7, 'klesavý podpis, klesavé riadky', 2, NULL), ('5', 7, 'podpis rovný a stúpavé riadky', 2, NULL), ('6', 7, 'rovný podpis, rovné riadky', 2, NULL), ('0', 8, 'podpis dlhší než slová textu', 2, NULL), ('1', 8, 'podpis výrazne dlhší než slová textu (roztiahnutý)', 2, NULL), ('2', 8, 'podpis kratší než slová textu', 2, NULL), ('0', 9, 'podpis väčší ako bežný text', 2, NULL), ('1', 9, 'podpis menší ako text', 2, NULL), ('2', 9, 'podpis rovnako veľký ako písmo', 2, NULL), ('0', 10, 'horizontálny', 2, NULL), ('1', 10, 'skoro kolmo alebo silne stúpavý', 2, NULL), ('2', 10, 'vzostupný (stúpavý)', 2, NULL), ('3', 10, 'výrazný, väčší, stúpavý, vyumelkovaný, ozdobný a podčarknutý', 2, NULL), ('4', 10, 'klesavý', 2, NULL), ('5', 10, 'silne alebo kolmo klesajúci', 2, NULL), ('6', 10, 'menší, zjednodušený, nevýrazný a klesajúci', 2, NULL), ('0', 11, 'podpis nitkový, rukopis s uhlom', 2, NULL), ('1', 11, 'nitkovitý podpis, písmo ľavobežné', 2, NULL), ('2', 11, 'nitka v podpise', 2, NULL), ('3', 11, 'vlnkové tvary v strede podpisu', 2, NULL), ('4', 11, 'girlanda v podpise', 2, NULL), ('5', 11, 'arkáda v podpise', 2, NULL), ('6', 11, 'arkáda v podpise, harmónia a elegancia v podpise', 2, NULL), ('7', 11, 'arkáda a nitka v podpise', 2, NULL), ('8', 11, 'uhol v podpise', 2, NULL), ('9', 11, 'uhol a nitka v podpise', 2, NULL), ('10', 11, 'zmes arkád, girlánd, uhlov a nitky len v podpise', 2, NULL), ('11', 11, 'podpis skriptom bez krstného mena', 2, NULL), ('12', 11, 'podpis skriptom, písmo spojité', 2, NULL), ('13', 11, 'oddelené veľké písmená (veľkou medzerou) v priezvisku alebo krstnom mene', 2, NULL), ('14', 11, 'prerušenie spojenia v podpise', 2, NULL), ('15', 11, 'nadmerná spojitosť podpisu, text nespojitý', 2, NULL), ('0', 12, 'pomalý', 2, NULL), ('1', 12, 'pomalý, dôraz na ceremóniu a opatrnosť', 2, NULL), ('2', 12, 'rýchly', 2, NULL), ('3', 12, 'podpis rýchlejší ako text + nitka', 2, NULL), ('0', 13, 'ľavý', 2, NULL), ('1', 13, 'pravý', 2, NULL), ('2', 13, 'kolmý', 2, NULL), ('0', 14, 'podpis ľavosklonný a písmo pravosklonné', 2, NULL), ('1', 14, 'podpis ľavosklonný a písmo kolmé', 2, NULL), ('2', 14, 'podpis pravoskolnný, písmo kolmé', 2, NULL), ('3', 14, 'pravoskonný podpis, ľavosklonné písmo', 2, NULL), ('4', 14, 'podpis kolmý, písmo naklonené', 2, NULL), ('5', 14, 'podpis kolmý, písmo pravosklonné', 2, NULL), ('6', 14, 'ľavosklonné písmo a podpis', 2, NULL), ('0', 15, 'nepravidelný', 2, NULL), ('1', 15, 'viac tlaku v podpise než v texte', 2, NULL), ('2', 15, 'menej tlaku v podpise ako v texte', 2, NULL), ('3', 15, 'dôrazný koncovitý tlak v podpise', 2, NULL), ('4', 15, 'nepravidelnosti tlaku v podpise', 2, NULL), ('0', 16, 'veľké písmená podpisu podľa školského vzoru', 2, NULL), ('1', 16, 'jednoduché veľké písmená podpisu', 2, NULL), ('2', 16, 'ozdobné veľké písmená v podpise', 2, NULL), ('3', 16, 'veľé písmená podpisu rovnakej veľkosti ako malé písmená', 2, NULL), ('4', 16, 'podpis len veľkými písmenami', 2, NULL), ('5', 16, 'enormné prevýšenie veľkých písmen', 2, NULL), ('6', 16, 'podpis viac výsoký než široký', 2, NULL), ('7', 16, 'zdôraznené prvé písmeno priezviska', 2, NULL), ('8', 16, 'zmenšovanie písmen ku koncu podpisu', 2, NULL), ('9', 16, 'enormné zväčšenie koncových písmen', 2, NULL), ('10', 16, 'chudosť veľkých písmen v podpise', 2, NULL), ('11', 16, 'veľká plnosť veľkých písmen  v podpise', 2, NULL), ('0', 17, 'dlhé koncové ťahy viac-menej horizontálne', 2, NULL), ('1', 17, 'podpis s prepracovanými detailmi (ak sa podpisujete často)', 2, NULL), ('2', 17, 'veľké nafúknuté slučky', 2, NULL), ('3', 17, 'abnormálne veľké slučky, vlnovky, energické priamky', 2, NULL), ('4', 17, 'vypracovaný podpis', 2, NULL), ('5', 17, 'komplikovaný podpis', 2, NULL), ('6', 17, 'zjendodušený podpis', 2, NULL), ('7', 17, 'koncový hákovitý zádrh v podpise', 2, NULL), ('8', 17, 'veľký oblúkovitý ťah počiatočného písmena', 2, NULL), ('9', 17, 'zdôraznenie titulu', 2, NULL), ('0', 18, 'plnosť v podpise', 2, NULL), ('1', 18, 'chudosť v podpise', 2, NULL), ('2', 18, 'podpis v dvoch rovinách (meno cez priezvisko)', 2, NULL), ('3', 18, 'ťahy v podpise ako číslo 8', 2, NULL), ('4', 18, 'kríž v podpise', 2, NULL), ('5', 18, 'preškrtnutie časti podpisu ako x', 2, NULL), ('0', 19, 'podpis bez podčiarknutia', 2, NULL), ('1', 19, 'podčiarknutie podpisu všeobecne', 2, NULL), ('2', 19, 'jednoduchý vodorovný a ostrý končiaci prídavok na konci podpisu (podčiarknutie)', 2, NULL), ('3', 19, 'podčiarknutý podpis začínajúci veľkým tlačeným písmenom', 2, NULL), ('4', 19, 'podčiarknutie pred podpisom', 2, NULL), ('5', 19, 'rovnaká dĺžka horizontálneho podčiarknutia ako podpisu', 2, NULL), ('6', 19, 'dlhšie horizontálne podčiarknutie ako podpis', 2, NULL), ('7', 19, 'tesne podčiarknutý podpis', 2, NULL), ('8', 19, 's odstupom podčiarknutý pospis', 2, NULL), ('9', 19, 'podčiarknutie podpisu oblúkovite', 2, NULL), ('10', 19, 'podčiarknutie v tvare ležiacej ladnej osmičky (lasá bez napojenia na koniec podpisu)', 2, NULL), ('11', 19, 'podčiarknutie kratšie než podpis', 2, NULL), ('12', 19, 'podčiarknutie viacerými ťahmi', 2, NULL), ('13', 19, 'podčiarknutie dvoma (aj viacerými) čiarami, ktoré sa križujú', 2, NULL), ('14', 19, 'podpis podčiarknutý meandrovo (serpentínovo teda cikcak s oblúkovitou čiarou)', 2, NULL), ('15', 19, 'škrt nad (v hornej časti) podpisom', 2, NULL), ('16', 19, 'dlhé ťahy nad podpisom (zastrešujúce) vychádzajúce z veĺkých písmen', 2, NULL), ('17', 19, 'vodorovný ťah pod a nad podpisom', 2, NULL), ('0', 20, 'podpis s dotykom alebo prečiarknutý', 2, NULL), ('1', 20, 'prečiarknutie podpisu, text s výraznejšie väčšími písmenami', 2, NULL), ('2', 20, 'koncové y prečiarknuté v podobe kríža', 2, NULL), ('3', 20, 'prečiarknutie podpisu v strednej časti', 2, NULL), ('0', 21, 'koncový ťah sa oblúkom vracia ponad pred podpis, ktorý je začatý malým písmenom (ide vlatsne o vykonanie prvého písmena týmto spätným ťahom)', 2, NULL), ('1', 21, 'koncový ochranársky ťah (vracia sa ponad podpis)', 2, NULL), ('2', 21, 'podpis končí nápadným spiatočným oblúkom', 2, NULL), ('3', 21, 'čiarami obkolesený podpis', 2, NULL), ('0', 22, 'bodka za podpisom (zbytočná)', 2, NULL), ('1', 22, 'bodka za podpisom s pripojenou pomlčkou', 2, NULL), ('2', 22, 'veľa bodiek za podpisom (+nepravidelne, bez harmónie)', 2, NULL), ('3', 22, 'bodka za podpisom a podčiarknutie', 2, NULL), ('4', 22, 'bodka na začiatku(vľavo od) podpisu', 2, NULL), ('0', 23, 'podpis len priezviska', 2, NULL), ('1', 23, 'veľká vzdialenosť medzi menom a priezviskom', 2, NULL), ('2', 23, 'podpis len s iniciálami', 2, NULL), ('3', 23, 'podpis s mimoriadne veľkými iniciálami', 2, NULL), ('4', 23, 'podpis s iniciálami krstného mena a plným priezviskom', 2, NULL), ('5', 23, 'podpis len s krstným menom', 2, NULL), ('6', 23, 'prehnane väčšie krstné meno v podpise', 2, NULL), ('7', 23, 'zdôraznenie krstného mena(obohatením) oproti priezvisku', 2, NULL), ('8', 23, 'zväčšenie priezviska', 2, NULL), ('9', 23, 'prevládanie priezviska ako prvého', 2, NULL), ('10', 23, 'čitateľnejšie priezvisko ako krstné meno', 2, NULL), ('11', 23, 'nečitateľné priezvisko, čitateĺné krstné meno', 2, NULL), ('12', 23, 'zreteľnejšie napísané priezvisko', 2, NULL), ('13', 23, 'veľkosťou vyrovnané krstné meno a priezvisko', 2, NULL), ('14', 23, 'spojenie krstného mena a priezviska', 2, NULL), ('15', 23, 'spojené iniciály a priezvisko a počet bodiek správny', 2, NULL), ('0', 24, 'podpis končí klesajúcou vlnovkou', 2, NULL), ('1', 24, 'kolmý koncový ťah dole odviaty vpravo', 2, NULL), ('2', 24, 'dlhý koncový ťah viac-menej kolmý a zvlnený', 2, NULL), ('3', 24, 'koncový ťah kolmo dole', 2, NULL), ('4', 24, 'koncový ťah podpisu šikmo doľava pod podpis', 2, NULL), ('5', 24, 'koncový ťah ostro pod podpis (akoby podčiarknutie) so zádrhom na konci', 2, NULL), ('6', 24, 'koncový ťah smerom dole v tvare zakrivenej šable', 2, NULL), ('7', 24, 'koncové "ký" vytvárajúci tvar veľkého čísla 8 (+zakončenie vľavo dole pod riadok)', 2, NULL), ('0', 25, 'podpis s diagonálne stúpajúcim koncovým ťahom', 2, NULL), ('1', 25, 'podpis so šikmo začínajúcim dlhým ťahom zo spodnej zóny', 2, NULL), ('2', 25, 'jednoduchý krátky vodorovný prídavok na konci podpisu', 2, NULL), ('3', 25, 'podpis končí dlhším vodorovným ťahom', 2, NULL), ('4', 25, 'oddelený horizontálny a dlhší ťah za podpisom', 2, NULL), ('5', 25, 'vlnité alebo stočené prídavky podpisu', 2, NULL), ('6', 25, 'priame, rovné, pevné prídavky podpisu', 2, NULL), ('0', 28, 'osamelou vysokou borovicou na vrchole lesa', 0, NULL), ('1', 28, 'nie som si istý/á', 1, NULL), ('2', 28, 'jabloňou vo veľkom sade', 2, NULL), ('0', 29, 'áno', 2, NULL), ('1', 29, 'možno', 1, NULL), ('2', 29, 'nie', 0, NULL), ('0', 30, 'je pre mňa ťažké začínať', 0, NULL), ('1', 30, 'niečo medzi tým', 1, NULL), ('2', 30, 'sadnem si k tomu a hneď začínam', 2, NULL), ('0', 31, 'áno', 2, NULL), ('1', 31, 'niekedy', 1, NULL), ('2', 31, 'nie', 0, NULL), ('0', 32, 'áno', 0, NULL), ('1', 32, 'niekedy', 1, NULL), ('2', 32, 'nie', 2, NULL), ('0', 33, 'spím pokojne', 0, NULL), ('1', 33, 'niečo medzi tým', 1, NULL), ('2', 33, 'prehadzujem sa alebo hovorím v spánku', 2, NULL), ('0', 34, 'áno', 0, NULL), ('1', 34, 'nie som si istý/á', 1, NULL), ('2', 34, 'nie', 2, NULL), ('0', 35, 'áno', 2, NULL), ('1', 35, 'niekedy', 1, NULL);
INSERT INTO `moznost` (`id_moznost`, `id_otazka`, `text`, `body`, `nazov_obr`) VALUES ('2', 35, 'nie', 0, NULL), ('0', 36, 'žartovaním', 2, NULL), ('1', 36, 'nie som si istý/á', 1, NULL), ('2', 36, 'vážnejším rozhovorom o tom, čo ma zaujíma', 0, NULL), ('0', 37, 'áno', 2, NULL), ('1', 37, 'niečo medzi tým', 1, NULL), ('2', 37, 'nie', 0, NULL), ('0', 38, 'áno', 0, NULL), ('1', 38, 'možno', 1, NULL), ('2', 38, 'nie', 2, NULL), ('0', 39, 'uloviť nejaké pekné exempláre', 0, NULL), ('1', 39, 'niečo medzi tým', 1, NULL), ('2', 39, 'nakresliť ich v prírodnom prostredí', 2, NULL), ('0', 40, 'nechávam si svoje myšlienky pre seba', 0, NULL), ('1', 40, 'niečo medzi tým', 1, NULL), ('2', 40, 'poviem mu, čo si myslím', 2, NULL), ('0', 41, 'áno', 2, NULL), ('1', 41, 'možno', 1, NULL), ('2', 41, 'nie', 0, NULL), ('0', 42, 'v stále rovnakej nálade', 0, NULL), ('1', 42, 'nie som si istý/á', 1, NULL), ('2', 42, 'niekedy plný/á sily, niekedy vyčerpaný/á', 2, NULL), ('0', 43, 'áno', 0, NULL), ('1', 43, 'možno', 1, NULL), ('2', 43, 'nie', 2, NULL), ('0', 44, 'prestanem s ním hovoriť', 2, NULL), ('1', 44, 'nie som si istý', 1, NULL), ('2', 44, 'hovorím hlasnejšie a pomalšie', 0, NULL), ('0', 45, 'áno', 0, NULL), ('1', 45, 'niečo medzi tým', 1, NULL), ('2', 45, 'nie', 2, NULL), ('0', 46, 'áno', 0, NULL), ('1', 46, 'niekedy', 1, NULL), ('2', 46, 'nie', 2, NULL), ('0', 47, 'áno', 2, NULL), ('1', 47, 'niekedy', 1, NULL), ('2', 47, 'nie', 0, NULL), ('0', 48, 'poviem im, že je to v poriadku', 2, NULL), ('1', 48, 'niečo medzi tým', 1, NULL), ('2', 48, 'vyčítam im to a vynadám im', 0, NULL), ('0', 49, 'prázdny', 1, NULL), ('1', 49, 'vydutý', 0, NULL), ('2', 49, 'objemný', 0, NULL), ('0', 50, 'uvidieť', 0, NULL), ('1', 50, 'zjaviť sa', 1, NULL), ('2', 50, 'ukázať', 0, NULL), ('0', 51, 'vždy', 2, NULL), ('1', 51, 'niekedy', 1, NULL), ('2', 51, 'obyčajne nikdy', 0, NULL), ('0', 52, 'áno', 0, NULL), ('1', 52, 'možno', 1, NULL), ('2', 52, 'nie', 2, NULL), ('0', 53, 'spozorujem, že mi myšlienky unikajú na iné veci', 2, NULL), ('1', 53, 'niečo medzi tým', 1, NULL), ('2', 53, 'jednoducho počúvam a čakám, až bude koniec', 0, NULL), ('0', 54, 'prispôsobím sa a nechám ho hovoriť', 0, NULL), ('1', 54, 'nie som si istý/á', 1, NULL), ('2', 54, 'dám najavo, že ho považujem za nezdvorilého človeka a nedám sa prerušovať v reči', 2, NULL), ('0', 55, 'áno', 0, NULL), ('1', 55, 'možno', 1, NULL), ('2', 55, 'nie', 2, NULL), ('0', 56, 'trocha bujní a hluční', 2, NULL), ('1', 56, 'asi priemerní', 1, NULL), ('2', 56, 'skôr tichší a pokojný', 0, NULL), ('0', 57, 'áno', 2, NULL), ('1', 57, 'nie som si istý/á', 1, NULL), ('2', 57, 'nie', 0, NULL), ('0', 58, 'omnoho viac', 2, NULL), ('1', 58, 'niečo medzi tým', 1, NULL), ('2', 58, 'ani nie, skôr menej', 0, NULL), ('0', 59, 'dlho ma to trápi', 2, NULL), ('1', 59, 'niečo medzi tým', 1, NULL), ('2', 59, 'vôbec ma to netrápi', 0, NULL), ('0', 60, 'áno', 0, NULL), ('1', 60, 'možno', 1, NULL), ('2', 60, 'nie', 2, NULL), ('0', 61, 'málokedy ju dočítam do konca', 0, NULL), ('1', 61, 'nie som si istý/á', 1, NULL), ('2', 61, 'napriek tomu ju obvykle dočítam', 2, NULL), ('0', 62, 'áno', 2, NULL), ('1', 62, 'možno', 1, NULL), ('2', 62, 'nie', 0, NULL), ('0', 63, 'áno', 0, NULL), ('1', 63, 'možno', 1, NULL), ('2', 63, 'nie', 2, NULL), ('0', 64, 'áno', 2, NULL), ('1', 64, 'možno', 1, NULL), ('2', 64, 'nie', 0, NULL), ('0', 65, 'áno', 2, NULL), ('1', 65, 'možno', 1, NULL), ('2', 65, 'nie', 0, NULL), ('0', 66, 'skoro ani raz do roka', 0, NULL), ('1', 66, 'niečo medzi tým', 1, NULL), ('2', 66, 'častejšie ako jedenkrát za mesiac', 2, NULL), ('0', 67, 'áno', 2, NULL), ('1', 67, 'niekedy', 1, NULL), ('2', 67, 'nie', 0, NULL), ('0', 68, 'vždy', 0, NULL), ('1', 68, 'často', 1, NULL), ('2', 68, 'iba niekedy', 2, NULL), ('0', 69, 'ustarostený', 0, NULL), ('1', 69, 'neupravený', 0, NULL), ('2', 69, 'nedbanlivý', 1, NULL), ('0', 70, 'potrava', 1, NULL), ('1', 70, 'vidlička', 0, NULL), ('2', 70, 'tanier', 0, NULL), ('0', 71, 'áno', 2, NULL), ('1', 71, 'niekedy', 1, NULL), ('2', 71, 'nie', 0, NULL), ('0', 72, 'zachovám pokoj a iba sa usmievam', 0, NULL), ('1', 72, 'niečo medzi tým', 1, NULL), ('2', 72, 'nahnevám sa a tiež sa rozkričím na neho', 2, NULL), ('0', 73, 'som plný/á napätia a zaujatý/á tým, čo sa bude konať', 2, NULL), ('1', 73, 'niečo medzi tým', 1, NULL), ('2', 73, 'som celkom pokojný', 0, NULL), ('0', 74, 'cítim sa šťastný, ale zachovávam pokoj', 2, NULL), ('1', 74, 'niečo medzi tým', 1, NULL), ('2', 74, 'skoro "skáčem od radosti', 0, NULL), ('0', 75, 'na rušnom večierku', 2, NULL), ('1', 75, 'nie som istý/á', 1, NULL), ('2', 75, 'prácou na nejakej užitočnej záľube', 0, NULL), ('0', 76, 'áno', 2, NULL), ('1', 76, 'niekedy', 1, NULL), ('2', 76, 'nie', 0, NULL), ('0', 77, 'áno', 2, NULL), ('1', 77, 'niekedy', 1, NULL), ('2', 77, 'nie', 0, NULL), ('0', 78, 'áno', 0, NULL), ('1', 78, 'niekedy', 1, NULL), ('2', 78, 'nie', 2, NULL), ('0', 79, 'významného básnika a autora divadelných hier', 2, NULL), ('1', 79, 'nie som si istý/á', 1, NULL), ('2', 79, 'skúseného pilota, ktorý podniká nebezpečné lety', 0, NULL), ('0', 80, 'málokedy', 0, NULL), ('1', 80, 'niekedy', 1, NULL), ('2', 80, 'mnohokrát', 2, NULL), ('0', 81, 'pozorovaním vtáctva a prechádzkami krajinou s jedným alebo dvoma priateľmi', 2, NULL), ('1', 81, 'nie som si istý/á', 1, NULL), ('2', 81, 'v tábore ako vedúci/a oddielu', 0, NULL), ('0', 82, 'celkom dobre', 0, NULL), ('1', 82, 'nie som istý/á', 1, NULL), ('2', 82, 'úplne smutno', 2, NULL), ('0', 83, 'najradšej by som sa schoval/a', 2, NULL), ('1', 83, 'nie som si istý/á', 1, NULL), ('2', 83, 'veľmi by mi to neprekážalo', 0, NULL), ('0', 84, 'robím to obvyklým spôsobom', 0, NULL), ('1', 84, 'niečo medzí tým', 1, NULL), ('2', 84, 'robím to novým spôsobom', 2, NULL), ('0', 85, 'áno, obyčajne', 0, NULL), ('1', 85, 'občas', 1, NULL), ('2', 85, 'nie, takmer nikdy', 2, NULL), ('0', 86, 'poviem si, že to nájdem neskôr', 0, NULL), ('1', 86, 'niečo medzi tým', 1, NULL), ('2', 86, 'nahnevám sa na toho, kto to vzal', 2, NULL), ('0', 87, 'tanečný orchester', 2, NULL), ('1', 87, 'nie som si istý/á', 1, NULL), ('2', 87, 'dobrého prednášateľa, ktorý hovorí o problémoch moderného sveta', 0, NULL), ('0', 88, 'áno', 2, NULL), ('1', 88, 'možno', 1, NULL), ('2', 88, 'nie', 0, NULL), ('0', 89, 'rastlina', 0, NULL), ('1', 89, 'mrkva', 1, NULL), ('2', 89, 'plod', 0, NULL), ('0', 90, 'Ivan', 0, NULL), ('1', 90, 'Peter', 0, NULL), ('2', 90, 'Ján', 1, NULL), ('0', 91, 'áno', 0, NULL), ('1', 91, 'možno', 1, NULL), ('2', 91, 'nie', 2, NULL), ('0', 92, 'áno', 0, NULL), ('1', 92, 'možno', 1, NULL), ('2', 92, 'nie', 2, NULL), ('0', 93, 'mám pocit, že to ruší hudbu', 2, NULL), ('1', 93, 'niečo medzi tým', 1, NULL), ('2', 93, 'sústredím sa na počúvanie hudby, takže ich už potom nepočujem', 0, NULL), ('0', 94, 'áno', 0, NULL), ('1', 94, 'možno', 1, NULL), ('2', 94, 'nie', 2, NULL), ('0', 95, 'niekomu stálemu a spoľahlivému', 0, NULL), ('1', 95, 'nie som si istý/á', 1, NULL), ('2', 95, 'niekomu vzrušujúcemu a ľahkomyseľnému', 2, NULL), ('0', 96, 'áno', 2, NULL), ('1', 96, 'nie som si istý/á', 1, NULL), ('2', 96, 'nie', 0, NULL), ('0', 97, 'áno', 0, NULL), ('1', 97, 'možno', 1, NULL), ('2', 97, 'nie', 2, NULL), ('0', 98, 'obyčajne', 2, NULL), ('1', 98, 'niekedy', 1, NULL), ('2', 98, 'nikdy', 0, NULL), ('0', 99, 'navštevoval/a nových ľudí a zoznamoval sa s odlišným spôsobom života', 2, NULL), ('1', 99, 'nie som si istý/á', 1, NULL), ('2', 99, 'navštevoval/a divy techniky a pozoruhodné pamiatky', 0, NULL), ('0', 100, 'áno', 0, NULL), ('1', 100, 'možno', 1, NULL), ('2', 100, 'nie', 2, NULL), ('0', 101, 'áno', 0, NULL), ('1', 101, 'možno', 1, NULL), ('2', 101, 'nie', 2, NULL), ('0', 102, 'áno', 0, NULL), ('1', 102, 'možno', 1, NULL), ('2', 102, 'nie', 2, NULL), ('0', 103, 'áno, často', 2, NULL), ('1', 103, 'nie som si istý/á', 1, NULL), ('2', 103, 'nie, takmer nikdy', 0, NULL), ('0', 104, 'áno', 2, NULL), ('1', 104, 'možno', 1, NULL), ('2', 104, 'nie', 0, NULL), ('0', 105, 'áno', 2, NULL), ('1', 105, 'nie som si istý/á', 1, NULL), ('2', 105, 'nie', 0, NULL), ('0', 106, 'keby som stavil/a, kto vyhrá', 0, NULL), ('1', 106, 'nie som si istý/á', 1, NULL), ('2', 106, 'keby som sa o nič nestavil', 2, NULL), ('0', 107, 'áno', 0, NULL), ('1', 107, 'možno', 1, NULL), ('2', 107, 'nie', 2, NULL), ('0', 108, 'veľmi zriedka', 0, NULL), ('1', 108, 'niekedy', 1, NULL), ('2', 108, 'často', 2, NULL), ('0', 109, 'viesť', 0, NULL), ('1', 109, 'vysvetľovať', 0, NULL), ('2', 109, 'vyučovať', 1, NULL), ('0', 110, 'dve strieborné mince sú uhnuté', 1, NULL), ('1', 110, 'iba jedna strieborná minca je ohnutá', 0, NULL), ('2', 110, 'tri strieborné mince sú ohnuté', 0, NULL), ('0', 111, 'áno', 2, NULL), ('1', 111, 'nie som si istý/á', 1, NULL), ('2', 111, 'nie', 0, NULL), ('0', 112, 'vopred si stanovím plán a dodržiavam ho', 0, NULL), ('1', 112, 'niečo medzi tým', 1, NULL), ('2', 112, 'jednoducho idem, bez predchádzajúceho plánovania', 2, NULL), ('0', 113, 'áno', 2, NULL), ('1', 113, 'možno', 1, NULL), ('2', 113, 'nie', 0, NULL), ('0', 114, 'áno', 2, NULL), ('1', 114, 'niečo medzi tým', 1, NULL), ('2', 114, 'nie', 0, NULL), ('0', 115, 'nenápadne', 0, NULL), ('1', 115, 'niečo medzi tým', 1, NULL), ('2', 115, 'do pestrých farieb a podľa módnych vzorov', 2, NULL), ('0', 116, 'dívam sa iba na to, čo ma baví, a skončím, keď som unavený/á', 0, NULL), ('1', 116, 'nie som si istý/á', 1, NULL), ('2', 116, 'využívam každú minútu a dávam sa sprevádzať niekým, kto tomu rozumie', 2, NULL), ('0', 117, 'áno', 2, NULL), ('1', 117, 'možno', 1, NULL), ('2', 117, 'skôr nie', 0, NULL), ('0', 118, 'mám pocit, že mám "zviazaný jazyk', 0, NULL), ('1', 118, 'niečo medzi tým', 1, NULL), ('2', 118, 'vždy mám pohotovú odpoveď', 2, NULL), ('0', 119, 'áno, ľahko', 2, NULL), ('1', 119, 'nie som si istý/á', 1, NULL), ('2', 119, 'asi nie', 0, NULL), ('0', 120, 'poviem si: "z toho sa rýchlo dostane', 0, NULL), ('1', 120, 'niečo medzi tým', 1, NULL), ('2', 120, 'trápi ma to, keď si na to spomeniem', 2, NULL), ('0', 121, 'opatrovať malé deti', 2, NULL), ('1', 121, 'nie som si istý/á', 1, NULL), ('2', 121, 'poslúchať ľudí, ktorí vedia menej ako ja', 0, NULL), ('0', 122, 'sotvakedy', 0, NULL), ('1', 122, 'niekedy', 1, NULL), ('2', 122, 'často', 2, NULL), ('0', 123, 'napriek tomu s vecami rýchlejšie hotoví ako ja', 2, NULL), ('1', 123, 'asi tak isto rýchlo hotoví ako ja', 1, NULL), ('2', 123, 'pomalší a menej dokonalí', 0, NULL), ('0', 124, 'starších ako ja', 0, NULL), ('1', 124, 'nie som si istý/á', 1, NULL), ('2', 124, 'mladších ako ja', 2, NULL), ('0', 125, 'vytrvale pracujem, dokiaľ s prácou nie som hotový/á', 2, NULL), ('1', 125, 'niečo medzi tým', 1, NULL), ('2', 125, 'chvíľku usilovne pracujem, potom si oddýchnem a pokračujem v práci neskôr', 0, NULL), ('0', 126, 'áno', 0, NULL), ('1', 126, 'niekedy', 1, NULL), ('2', 126, 'sotvakedy', 2, NULL), ('0', 127, 'áno', 2, NULL), ('1', 127, 'niekedy', 1, NULL), ('2', 127, 'sotvakedy', 0, NULL), ('0', 128, 'na vidieckej samote', 0, NULL), ('1', 128, 'nie som si istý/á', 1, NULL), ('2', 128, 'v meste medzi mnohými ľuďmi', 2, NULL), ('0', 129, 'áno', 2, NULL), ('1', 129, 'možno', 1, NULL), ('2', 129, 'nie', 0, NULL), ('0', 130, 'spoliehať', 0, NULL), ('1', 130, 'učiť', 1, NULL), ('2', 130, 'dúfať', 0, NULL), ('0', 131, 'áno', 0, NULL), ('1', 131, 'možno', 1, NULL), ('2', 131, 'nie', 2, NULL), ('0', 132, 'nerobím si z toho nič', 0, NULL), ('1', 132, 'niečo medzi tým', 1, NULL), ('2', 132, 'rozruší a nahnevá ma to', 2, NULL), ('0', 133, 'vzrušuje ma to tak isto ako ostatných ľudí okolo mňa', 0, NULL), ('1', 133, 'niečo medzi tým', 1, NULL), ('2', 133, 'som pokojný/á  a ovládam sa', 2, NULL), ('0', 134, 'sebaistého', 2, NULL), ('1', 134, 'niečo medzi tým', 1, NULL), ('2', 134, 'skromného', 0, NULL), ('0', 135, 'áno', 0, NULL), ('1', 135, 'niečo medzi tým', 1, NULL), ('2', 135, 'nie', 2, NULL), ('0', 136, 'áno', 0, NULL), ('1', 136, 'niekedy', 1, NULL), ('2', 136, 'skoro vždy', 2, NULL), ('0', 137, 'áno', 0, NULL), ('1', 137, 'možno', 1, NULL), ('2', 137, 'nie', 2, NULL), ('0', 138, 'áno', 0, NULL), ('1', 138, 'nie som si istý/á', 1, NULL), ('2', 138, 'nie', 2, NULL), ('0', 139, 'áno', 2, NULL), ('1', 139, 'občas', 1, NULL), ('2', 139, 'nie', 0, NULL), ('0', 140, 'radšej by si si vypočul/a koncert klasickej gitarovej hudby', 2, NULL), ('1', 140, 'nie som si istý/á', 1, NULL), ('2', 140, 'díval/a by si sa radšej na býčie zápasy', 0, NULL), ('0', 141, 'áno', 0, NULL), ('1', 141, 'možno', 1, NULL), ('2', 141, 'nie', 2, NULL), ('0', 142, 'príjemnejších a inteligentnejších, než sú v skutočnosti', 2, NULL), ('1', 142, 'takých, akí sú', 1, NULL), ('2', 142, 'horších, než akí sú', 0, NULL), ('0', 143, 'áno', 0, NULL), ('1', 143, 'nie som si istý/á', 1, NULL), ('2', 143, 'nie', 2, NULL), ('0', 144, 'čakám, kým uvidím, ako si v nej počínajú iní', 2, NULL), ('1', 144, 'nie som si istý/á', 1, NULL), ('2', 144, 'hneď sa zapojím a vyskúšam ju', 0, NULL), ('0', 145, 'áno', 2, NULL), ('1', 145, 'nie som si istý/á', 1, NULL), ('2', 145, 'nie', 0, NULL), ('0', 146, 'áno, často', 0, NULL), ('1', 146, 'niekedy', 1, NULL), ('2', 146, 'veľmi zriedka', 2, NULL), ('0', 147, 'áno', 0, NULL), ('1', 147, 'možno', 1, NULL), ('2', 147, 'nie', 2, NULL), ('0', 148, 'aby ťa vôbec nezaraďovali', 0, NULL), ('1', 148, 'nie som si istý/á', 1, NULL), ('2', 148, 'aby som mohol/a skúsiť inú úlohu', 2, NULL), ('0', 149, 'že nikdy nebudem mať dosť času, aby som stačil/a na všetko', 2, NULL), ('1', 149, 'nie som si istý/á', 1, NULL), ('2', 149, 'že čas sa dá rozvrhnúť tak, aby som stačil/a na všetko', 0, NULL), ('0', 150, 'a', 0, NULL), ('1', 150, 'teraz', 1, NULL), ('2', 150, 'napriek tomu', 0, NULL), ('0', 151, 'obvykle', 2, NULL), ('1', 151, 'niekedy', 1, NULL), ('2', 151, 'veľmi zriedka', 0, NULL), ('0', 152, 'vie ma to otráviť', 2, NULL), ('1', 152, 'niečo medzi tým', 1, NULL), ('2', 152, 'jednoducho sa učím ďalej', 0, NULL), ('0', 153, 'zúčastnil/a sa spoločnej hry', 0, NULL), ('1', 153, 'nie som si istý/á', 1, NULL), ('2', 153, 'viedol/a výskumnú výpravu', 2, NULL), ('0', 154, 'aby ostatní iba hádali, aké mám plány', 2, NULL), ('1', 154, 'aby som o svojich plánoch hovoril/a iba s niekoľkými priateľmi', 1, NULL), ('2', 154, 'aby som o svojich plánoch rozprával každému', 0, NULL), ('0', 155, 'sú tichší a rozvážni', 0, NULL), ('1', 155, 'niečo medzi tým', 1, NULL), ('2', 155, 'dokážu každému vždy rýchlo a vtipne odpovedať', 2, NULL), ('0', 156, 'prejaviť mu svoj hnev', 0, NULL), ('1', 156, 'niečo medzi tým', 1, NULL), ('2', 156, 's pochopením sa usmiať a pomôcť mu znova začínať', 2, NULL), ('0', 157, 'napriek tomu by som pracoval/a', 2, NULL), ('1', 157, 'niečo medzi tým', 1, NULL), ('2', 157, 'vôbec by som nepracoval', 0, NULL), ('0', 158, 'áno', 0, NULL), ('1', 158, 'možno', 1, NULL), ('2', 158, 'nie', 2, NULL), ('0', 159, 'áno', 2, NULL), ('1', 159, 'možno', 1, NULL), ('2', 159, 'nie', 0, NULL), ('0', 160, 'knihu básní a divadelných hier', 2, NULL), ('1', 160, 'neviem sa rozhodnúť', 1, NULL), ('2', 160, 'knihu o reprezentačných športových mužstvách', 0, NULL), ('0', 161, 'pripojím sa a mám z toho zábavu', 0, NULL), ('1', 161, 'nie som si istý/á', 1, NULL), ('2', 161, 'mám pocit, že je to naivné a zlé', 2, NULL), ('0', 162, 'áno', 2, NULL), ('1', 162, 'nie som si istý/á', 1, NULL), ('2', 162, 'nie', 0, NULL), ('0', 163, 'áno', 2, NULL), ('1', 163, 'možno', 1, NULL), ('2', 163, 'nie', 0, NULL), ('0', 164, 'áno, istotne', 0, NULL), ('1', 164, 'nie som si istý/á', 1, NULL), ('2', 164, 'nemyslím, že by väčšine ľudí na tom záležalo', 2, NULL), ('0', 165, 'áno, ale nevšímam si to', 2, NULL), ('1', 165, 'nie som si istý/á', 1, NULL), ('2', 165, 'asi nie', 0, NULL), ('0', 166, 'že by si sa chcel/a pokúsiť o to isté', 2, NULL), ('1', 166, 'nie som si istý/á', 1, NULL), ('2', 166, 'že to prislúcha iným', 0, NULL), ('0', 167, 'áno', 2, NULL), ('1', 167, 'možno', 1, NULL), ('2', 167, 'nie', 0, NULL), ('0', 168, 'áno', 0, NULL), ('1', 168, 'možno', 0, NULL), ('2', 168, 'nie', 0, NULL);